"ID del post","ID dell'account","Nome utente dell'account","Nome account",Descrizione,"Durata (s)","Orario di pubblicazione",Permalink,"Tipo di post","Commento sui dati",Data,Visualizzazioni,"Mi piace",Condivisioni,Commenti,Salvataggi,Copertura,Follower
17927577396032411,17841465712152746,beam_summit,"BEAM Hospitality Gamechanger Summit","BEAM 2025 wasn't just an event.
It was a movement.
270 innovators.
2 days.
Infinite transformations.
This is what happens when game changers gather.
BEAM 2026: May 19-20 | Bolzano
Be part of what's next.
🎟 Link in bio

#beam #hospitalityindustry",39,"12/12/2025 08:31",https://www.instagram.com/reel/DSK5BxMjwkX/,"Reel di Instagram",,Totale,1308,18,1,0,1,1011,1
18112611619593521,17841465712152746,beam_summit,"BEAM Hospitality Gamechanger Summit","The future of hospitality won't be decided in conference rooms.
It's being built right now. In workshops where innovators co-create. 
In conversations that spark movements. In moments that transform how we think about welcome.

BEAM isn't just another industry event.

It's where 300 gamechangers gather to lead the shift.
May 19-20, 2026 | Bolzano

👉 Let's discover BEAM with the link in bio.

#beam #hospitality #hospitalityindustry",0,"12/10/2025 05:30",https://www.instagram.com/p/DSFazfpCEQc/,"Carosello di Instagram",,Totale,13034,60,7,1,9,38610,31
18127422097541089,17841465712152746,beam_summit,"BEAM Hospitality Gamechanger Summit","One of our partner since day one: the Verkehrsamt Bozen. 

Where better to talk about transformation than in a city that lives it every day?

In the heart of South Tyrol, Bolzano is the place where innovation, nature, and quality of life come together. 

The city combines alpine culture with an international perspective, providing the perfect setting for a summit focused on the future of hospitality.

[ pic credits to @luca_guadagnini ]

#hospitality #beamsummit #bolzanobozen #bolzano",0,"06/08/2026 08:30",https://www.instagram.com/p/DZVHnDkjM9a/,"Immagine di Instagram",,Totale,185,2,0,0,0,107,0
18076774664657305,17841463205377803,vinoteqa,"Vinoteqa | Smart Wine Management","What’s more important: having the best chef or the best sommelier?

#vinoteqa #BEAM",74,"06/07/2026 10:10",https://www.instagram.com/reel/DZStyymz9Gr/,"Reel di Instagram",,Totale,1065,15,2,2,0,,
18104094137096499,17841465712152746,beam_summit,"BEAM Hospitality Gamechanger Summit","Creating space for meaningful questions is often the first step toward real change.

That’s why Wolfgang Toechterle, CMO & Member of the Board IDM Südtirol-Alto Adige, was not only part of this year’s BEAM Summit, but with @idm.suedtirol.altoadige also one of our main partners.

For Wolfgang, transformation doesn’t happen on paper. It happens in collaboration—through real action, shared values, and powerful partnerships.

Together with partners like IDM, BEAM creates a space where ideas, perspectives and collaboration drive meaningful change.

#beamsummit #hospitality #idm #suedtirol_altoadige",0,"06/05/2026 08:30",https://www.instagram.com/p/DZNZPBYj0P4/,"Immagine di Instagram",,Totale,276,9,0,0,0,160,0
17908266189242952,17841463205377803,vinoteqa,"Vinoteqa | Smart Wine Management","What do you prefer? 🤔

#vinoteqa #beam",113,"06/04/2026 10:54",https://www.instagram.com/reel/DZLEHoWzkuE/,"Reel di Instagram",,Totale,1464,31,3,2,0,,
18093693869257853,17841465712152746,beam_summit,"BEAM Hospitality Gamechanger Summit","Ideas spark in the right atmosphere 🌿✨

At BEAM 2026, the @fieramesse  H1 Eventspace was more than just a venue. It turned into an integral part of the experience, a place where conversations flowed, connections formed and new ideas took shape.

A special thanks to @gaertnerei.unterweger  for the beautiful floral and botanical design that brought nature and fresh energy into the space, creating an environment that truly inspired creativity and exchange.

#beamsummit #hospitaliy #fieramesse #fieramessebolzano #eventspace",0,"06/04/2026 08:30",https://www.instagram.com/p/DZK0cQAjdOb/,"Carosello di Instagram",,Totale,597,27,0,0,0,218,0
18112385173698688,17841463205377803,vinoteqa,"Vinoteqa | Smart Wine Management","This was @beam_summit 2026 🚀

Thanks for having us again as partner 🍾

#vinoteqa #beam",66,"06/02/2026 12:28",https://www.instagram.com/reel/DZGFiQjzQms/,"Reel di Instagram",,Totale,871,24,4,1,0,,
17900425557446916,17841465712152746,beam_summit,"BEAM Hospitality Gamechanger Summit","Food sits at the intersection of health, agriculture, economy and culture. And hospitality is where these worlds meet every day.

Christian Hamerle invites us to rethink the role of food and hospitality as catalysts for healthier people, stronger ecosystems and a more sustainable economy.

This is exactly the kind of systemic thinking that BEAM brings to the conversation on the future of hospitality.

It was a pleasure having @foodservicelab  and @dussmann_italy  as partner again this year.
 
#beamsummit #hospitality #innovation",0,"06/01/2026 05:30",https://www.instagram.com/p/DZCxck_gYbS/,"Immagine di Instagram",,Totale,457,1,1,0,0,262,0
18111979249892892,17841465712152746,beam_summit,"BEAM Hospitality Gamechanger Summit","Alongside the vision shared by our partner @hgv__suedtirol , this is exactly what emerged at the BEAM Summit in Bolzano. 
Over the past days, collaboration has proven to be more than just a theme, it has been a concrete way of working, exchanging ideas, and rethinking the future of the industry together.

Because it is only by connecting perspectives and turning insights into action that hospitality can truly evolve toward a more human, sustainable, and forward-looking direction.

#beamsummit #hospitality #hospitalityevent #innovation",0,"05/29/2026 09:30",https://www.instagram.com/p/DY7eh3FiDIa/,"Immagine di Instagram",,Totale,638,6,1,0,0,334,2
17863244778582777,17841400813992849,elettralazzerini,"Elettra Lazzerini","Sono stati 2 giorni molto belli e stimolanti quelli passati a @beam_summit a Bolzano! 
L’ospitalità è un settore che cambia ed evolve sempre più velocemente e per restare aggiornata non basta solo studiare dati e numeri, né passare le giornate a chiedersi dove stiamo andando e quali saranno i desideri degli ospiti del futuro.

L’unica vera soluzione, per me, è il confronto con altri professionisti del settore: ognuno, con la propria esperienza, porta nuove idee e un arricchimento che nessun libro, nessuna analisi dati può dare. 

Sono tornata a casa con tante idee da applicare al mio lavoro ♥️

@beam_summit 
#adv #beamsummit",63,"05/27/2026 03:27",https://www.instagram.com/reel/DY1qEfvMKUM/,"Reel di Instagram",,Totale,6565,61,9,6,0,,
18156424096412064,17841407190012515,tophotel_de,Tophotel,"„Lead the Shift!“ – das Motto der @beam_summit bringt auf den Punkt, was in der @fieramesse in Bozen spürbar war 🚀
Zwei Tage voller Impulse, Diskussionen und Austausch rund um die Zukunft der Hospitality: Über 300 Teilnehmende und mehr als 35 Speaker zeigten, wie stark sich die Branche aktuell im Wandel befindet – und wie konkret neue Ansätze bereits umgesetzt werden.
 
👀 Vor Ort 
Unsere Redaktion war in Bozen dabei und hat zentrale Themen, Stimmungen und Impulse direkt aus den Sessions und Gesprächen mitgenommen.
 
🤝 Haltung als Differenzierungsfaktor
Im Zentrum vieler Beiträge stand die Frage nach klarer Positionierung. Denn Gastfreundschaft entsteht nicht nur durch operative Exzellenz, sondern zunehmend durch ein klares Profil und konsistente Konzepte.
 
🏔️ Austausch & Perspektiven
Ob im Zukunftslabor, bei Panels oder dem Networking auf @maretsch_mareccio : Der Fokus lag auf praxisnahen Ideen, neuen Denkansätzen und dem offenen Dialog innerhalb der Branche.
 
Der Tenor vor Ort: Der Wandel ist längst Realität – und viele Betriebe arbeiten bereits konkret an der Umsetzung.🏨🔥",37,"05/26/2026 06:24",https://www.instagram.com/reel/DYza3EwtECF/,"Reel di Instagram",,Totale,1331,33,3,2,0,,
17940924150231478,17841401019010003,ruberry,"Laura Masi","Due giorni a Bolzano per il BEAM Hospitality Game Changer Summit, un evento che riunisce professionisti e innovatori del mondo dell’hospitality per immaginare insieme il futuro del settore.

Speech, workshop e momenti di confronto che hanno aperto riflessioni su come sta evolvendo il modo di vivere l’ospitalità tra nuove generazioni, tecnologia e sostenibilità — non solo ambientale, ma anche sociale.

Un’esperienza ricca di stimoli, connessioni e nuove prospettive, in cui il filo conduttore è stato chiaro: riportare sempre tutto a una dimensione più umana.

Adv @beam_summit 
#BEAM26 #LeadTheShift #BEAMSummit #HospitalityInnovation #Sustainability",55,"05/25/2026 10:01",https://www.instagram.com/reel/DYxOzRGIasZ/,"Reel di Instagram",,Totale,14171,121,5,85,0,,
17989966331986132,17841465712152746,beam_summit,"BEAM Hospitality Gamechanger Summit","Two days. 400 people. 
One question running through everything: 
what does it actually take to lead the shift in hospitality?

BEAM 2026 didn't answer it. 
It became the answer.

Be Ambitious.
And see you at BEAM 2027 :)

#beam #beamsummit #leadtheshift #hospitality #innovation",0,"05/22/2026 09:06",https://www.instagram.com/p/DYpaPfaCnOv/,"Carosello di Instagram",,Totale,1702,64,2,0,0,737,0
18010349276885937,17841403748231005,matteo_delvai,"Matteo Delvai","| Immaginare di salire su una mongolfiera, volare, vedere il mondo rimpicciolirsi, le nuvole, scendere trovandosi nel 2045 o poco più in là. Spingere la propria immaginazione al domani, a quel punto fisso che stai creando e sviluppando, dando concretezza a tutto ciò. Alleggerire la propria mente per apprendere la vera importanza dell’ascoltare, dell’osservare e dell’immaginare: questo grazie a @beam_summit, che guida anno dopo anno il vero cambiamento. |

#beam #beamsummit2026 #fierabolzano #",30,"05/20/2026 22:30",https://www.instagram.com/reel/DYlsoZmuc73/,"Reel di Instagram",,Totale,2458,65,4,6,0,,
17857228917642380,17841465712152746,beam_summit,"BEAM Hospitality Gamechanger Summit","There’s one thing the fastest-growing hotels in Europe have in common. The people who figured it out are at BEAM.

#beamsummit #hospitality #beambitious #beamnetworking #transformation",26,"05/20/2026 04:07",https://www.instagram.com/reel/DYjuYRJN2ot/,"Reel di Instagram",,Totale,1520,42,4,0,0,912,6
18112161094846508,17841465712152746,beam_summit,"BEAM Hospitality Gamechanger Summit","Day 2 is stunninggg 😍😍

@claudio.ruatti @dievinny Boris Lebedev and Nils Persson

#beamsummit #hospitality #beambitious #beamnetworking",31,"05/20/2026 01:29",https://www.instagram.com/reel/DYjcH2vtzTW/,"Reel di Instagram",,Totale,3423,55,8,0,2,2535,2
17875386699478042,17841465712152746,beam_summit,"BEAM Hospitality Gamechanger Summit","BEAM is not just a conference full of theory. 

With our Labs you can definitely touch the industry with your hand.

@hgv__suedtirol @noi.techpark @foodservicelab 

#beamsummit #hospitality #beambitious #transformation",22,"05/19/2026 11:37",https://www.instagram.com/reel/DYh87fptf3M/,"Reel di Instagram",,Totale,1035,30,4,0,1,617,0
18191874343370179,17841465712152746,beam_summit,"BEAM Hospitality Gamechanger Summit","Speeches are going ooonnn! Are you in?🤩

#beamsummit #hospitality #transformation #innovation",15,"05/19/2026 09:12",https://www.instagram.com/reel/DYhsPSXNf2K/,"Reel di Instagram",,Totale,1102,17,1,0,0,879,0
17888756661484067,17841465712152746,beam_summit,"BEAM Hospitality Gamechanger Summit","Today’s stage was on fire 🔥 

Speakers: 
@andreastuffentsammer Sabine Rogg @phil5ibrahim @magnus.berlin and @svensallaerts 

Moderators: 
@claudio.ruatti @dievinny 

#beamsummit #hospitality #transformation #innovation #beamcommunity",22,"05/19/2026 08:40",https://www.instagram.com/reel/DYhoh-hqeop/,"Reel di Instagram",,Totale,3913,63,13,0,2,2904,4
18095416658177501,17841465712152746,beam_summit,"BEAM Hospitality Gamechanger Summit","How BEAM starts ✨

#beamsummit #hospitality #beambitious #leadtheshift #transformation",33,"05/19/2026 06:01",https://www.instagram.com/reel/DYhWimtN3n3/,"Reel di Instagram",,Totale,4192,76,11,1,2,3235,2
18115711069743663,17841465712152746,beam_summit,"BEAM Hospitality Gamechanger Summit","BEAM doesn't happen alone.

Behind every session, every experience, every connection at BEAM 2026 stands a network of partners who believe the same thing we do: hospitality is worth reshaping.

From industry institutions to food innovators, from regional leaders to international media, this is the ecosystem that makes Lead the Shift more than a tagline.

#beam #beamsummit #hospitality",0,"05/15/2026 08:46",https://www.instagram.com/p/DYXWXzBCQ1q/,"Carosello di Instagram",,Totale,2120,24,6,0,2,1271,0
18110827576887596,17841465712152746,beam_summit,"BEAM Hospitality Gamechanger Summit","Co-living in the mountains. Longevity before it was a trend.
A distillery, brewery, and coffee roaster
where guests follow the entire value chain on site.

Three South Tyrolean projects that didn’t wait
for the industry to catch up.

At BEAM 2026, the people behind them
sit down together to talk about
what it actually takes to build something new.

Included in your BEAM ticket.

#beamsummit #southtyrol #innovatio",0,"05/14/2026 08:55",https://www.instagram.com/p/DYUylkpDS-B/,"Carosello di Instagram",,Totale,1734,31,7,0,0,561,0
18349572865245278,17841465712152746,beam_summit,"BEAM Hospitality Gamechanger Summit","For decades, food has been treated as a cost to manage.

The Food System Economics Commission sees a 5 trillion dollar opportunity instead.

At BEAM 2026, experts from nutrition, foodservice, healthcare, and strategy work through what this means for your business — at four thematic tables.

Note: includes a pre-session on May 19 at 11:00 AM.
Details after registration.

Language: german + AI-assisted simultaneous translation

Included in your BEAM ticket.
May 19-20 | Bolzano

#hospitality #business #beamsummit #tourism #food",0,"05/11/2026 08:45",https://www.instagram.com/p/DYNDIkJir2i/,"Carosello di Instagram",,Totale,548,10,0,0,0,258,0
17945936448161037,17841465712152746,beam_summit,"BEAM Hospitality Gamechanger Summit","Bank financing is one tool.
But it’s rarely enough on its own.

At BEAM 2026, experts from banking,
natural capital, and hospitality show
how new capital structures are already
working in practice — with real Alpine
projects behind them.

Language: german + AI-assisted simultaneous translation

Included in your BEAM ticket.
May 19-20 | Bolzano

#finance #beamsummit #financemasterclass #hospitality",0,"05/08/2026 08:30",https://www.instagram.com/p/DYFTDbzCt90/,"Carosello di Instagram",,Totale,895,7,0,0,0,406,0
18099560480088939,17841465712152746,beam_summit,"BEAM Hospitality Gamechanger Summit","What will guests actually want in 2035?

Fraunhofer IAO has been researching
this question for years.
At BEAM, their scenarios become
a working session — with the researchers
and the operators in the same room.

Language: german + AI-assisted simultaneous translation

Included in your BEAM ticket.
May 19-20 | Bolzano

Link in bio 😌

#beamsummit #hospitality #hotels",0,"05/06/2026 08:20",https://www.instagram.com/p/DYAIPZujVXI/,"Carosello di Instagram",,Totale,2018,15,4,0,2,942,0
17923328532335521,17841465712152746,beam_summit,"BEAM Hospitality Gamechanger Summit","What if the kitchen was part of the lab?

Seven years of errors in new food development — translated into one actionable session.

Powered by @noi.techpark

Language: english + AI-assisted simultaneous translation 

May 19-20 | Bolzano

#BEAMSummit #Innovation #tourism #Hospitality",0,"05/04/2026 08:30",https://www.instagram.com/p/DX6_y_hjqQA/,"Carosello di Instagram",,Totale,748,9,0,1,2,348,0
18401178901150102,17841465712152746,beam_summit,"BEAM Hospitality Gamechanger Summit","Diana Verde Nieto worked in sustainability since 1999.
Her confession at BEAM: “We did it the wrong way for 25 years.”

They created a language no one understands. Made their lives incredibly difficult.

Her mission now? Destroy those silos.

This will change how restaurants and hotels interact with guests.
Write that down. 
Remember the crazy Argentine.

BEAM 2026 | May 19-20 | Bolzano

#BEAM2026 #Sustainability #LeadTheShift #DianaVerdeNieto #DestroyTheSilos",0,"05/02/2026 08:45",https://www.instagram.com/p/DX14AJmjdfT/,"Carosello di Instagram",,Totale,359,6,0,0,1,174,0
18096380179887978,17841465712152746,beam_summit,"BEAM Hospitality Gamechanger Summit","Some people build brands. Some people build cultures.

Tyler Brûlé founded Monocle — now a global media company with radio, books, shops and cafés from London to Tokyo. Through Winkreative, he transformed brands including Swiss International Airlines and Moncler.

At BEAM 2026, he brings his vision on identity, relevance, and what it takes to build something lasting in hospitality.

May 19-20 | Bolzano

See you there :)

#hospitality #beamsummit #innovation #tourism",0,"04/30/2026 08:40",https://www.instagram.com/p/DXwtwgIiepW/,"Carosello di Instagram",,Totale,492,12,1,0,0,252,0
18583778161017741,17841401360585936,zukunvt,zukunvt,"@beam_summit isn't the same event it was three years ago. 
Every edition pushes the conversation somewhere new and pushes us to show up differently: sharper thinking, better questions, more useful work for the people we partner with. 
This year the CEO @viktor.matic returns as one of the Ambitious Ambassadors, and we're once again behind the scenes working on BEAM's workbook: the printed piece that last year turned out to be one of the most appreciated take-homes of the summit.

BEAM 2026 | Lead the Shift! | 19–20 May | @fieramesse, Bolzano-Bozen.
Curious who else is shaping this edition? The full list of Ambitious Ambassadors is in the first comment.
@tielooohr_bruuulay from Monocle will also be in attendance, along with other prominent speakers.
We have a limited number of special tickets reserved for our network. Write to info@zukunvt.com or DM @viktor.matic.
—
Thanks to Thomas Mur & @mar_tin.l 
Ph: @hannes_unterhauser",0,"04/30/2026 02:28",https://www.instagram.com/p/DXwDMsEkZSV/,"Carosello di Instagram",,Totale,2098,39,2,0,0,,
17964827856064239,17841465712152746,beam_summit,"BEAM Hospitality Gamechanger Summit","You've optimized your menu, your team, your brand.

But have you ever designed what a guest feels the moment they walk in?

I FEEL SPACE is the BEAM Lab exploring light, acoustics, and haptic design as strategic tools for guest experience — with Bjarke Ingels Group, GRAU Licht, and Vitra.

The workshop outcomes will be co-authored by curators @jojoanadickinson and @philipp_kirnbauer with Professor Maggie Chen from EHL Hospitality Business School @ehl.lausanne and used as a curriculum case study.

Language: english + AI-assisted simultaneous translation 

May 19-20 | Bolzano 
Ticket via link in bio!

#hospitality #BEAMSummit #HospitalityInnovation",0,"04/28/2026 08:36",https://www.instagram.com/p/DXrjt7yDN82/,"Carosello di Instagram",,Totale,1230,13,6,2,1,662,0
18322506997264177,17841465712152746,beam_summit,"BEAM Hospitality Gamechanger Summit","A year ago, @andreastuffentsammer  was sitting in the same room.

Listening. Talking. Thinking.

And from that conversation, ICC (Institute for Culinary Culture) was born.
A non-profit to change the culinary world for the better.

At BEAM 2026, he returns to tell the story.

Because some places don't leave you the same.

May 19-20 | Bolzano
Get your ticket  from link in bio!

#beamsummit #hospitality #HospitalityInnovation",0,"04/21/2026 07:50",https://www.instagram.com/p/DXZc4gEjGpX/,"Carosello di Instagram",,Totale,1045,42,1,5,1,483,1
17954753604120484,17841465712152746,beam_summit,"BEAM Hospitality Gamechanger Summit","Some people wait for the right moment.
Some people decide the right moment is now.

Angelica Megan Galeazzi started on a restaurant floor.
Today she's Founder of @angelicacortepalazzina and four hospitality startups.

At BEAM, she shares the four compasses that guided her.
Swipe to discover her journey.

BEAM 2026 | May 19-20 | Bolzano
Tickets in bio :)

#BEAM2026 #hospitality #LeadTheShift",0,"04/16/2026 08:30",https://www.instagram.com/p/DXMpgmQDb1F/,"Carosello di Instagram",,Totale,6155,109,13,5,5,2577,5
18061785875403616,17841465712152746,beam_summit,"BEAM Hospitality Gamechanger Summit","50+ national tourism associations in Germany. 
50 presidents. 50 agendas. 50 different voices.

Result? Zero political relevance.

Michael Otremba called it out at BEAM: ""During COVID, the transport minister met with the automotive industry every week. With tourism? Never.""

Travel is a primal human aspiration. The first books ever written were travel reports. The Odyssey itself is one long journey.

Yet as an industry, we're invisible. 
Why? Because we can't agree on anything except overnight numbers.

""I understand every minister who says: clarify your opinion first, then come back to me."" 
Seven years later, nothing happens.

It's time to stop being comfortable.

BEAM 2026 | May 19-20 | Bolzano

#BEAM2026 #TourismIndustry #LeadTheShift #MichaelOtremba #HamburgTourism #Collaboration",0,"04/13/2026 09:35",https://www.instagram.com/p/DXFCjXBGsge/,"Carosello di Instagram",,Totale,527,9,0,0,1,242,0
18111743641796369,17841409551754329,ronaldmarndt,"RONALD M. ARNDT","Mit dem HOTEL-PODCAST SOUTH TYROL haben wir erst letzte Woche unser neuestes Mitglied in der @hotelpodcast_-Family begrüßt und freuen uns nun über unsere erste Partnerschaft vor Ort. Grazie, @beam_summit! ❤️

Das wunderbare Team rund um Thomas Mur, Cristina Eberle und Domenique Hopfgartner hat mit dem „Hospitality Gamechanger Summit“ ein Format entwickelt, das weit über Südtirol hinaus immer mehr an Bedeutung gewinnt. Natürlich bin ich am 19. und 20. Mai vor Ort in der @fieramesse dabei und freue mich auf viele bekannte, aber auch neue Gesichter. ⛰️

Wer ist noch dabei, meldet euch gerne! 🚅",0,"04/13/2026 06:38",https://www.instagram.com/p/DXEuEWhjJYM/,"Immagine di Instagram",,Totale,1465,24,2,1,0,,
18145929052490042,17841411029095978,vitalpin,Vitalpin,"BEAM SUMMIT geht in die nächste Runde🚀

Auch dieses Jahr sind wir wieder dabei - unter dem Motto ""Lead the Shift"".

📅 19.-20. Mai 2026
📍 @fieramesse 

Networking. Insights. Zukunft der Hospitality.

Interessiert? Dann sichert euch noch ein Ticket.
🎟️ VITALPIN-Mitglieder erhalten einen Promocode über 15% Rabatt 🏷️ auf den regulären Ticketpreis (gilt für alle Kategorien).

👉 Kurz bei uns melden und sofort profitieren.

credits: ©Armin Huber

#beam2026 #beamsummit #networkingevent #tourismus #vitalpin",0,"04/13/2026 01:39",https://www.instagram.com/p/DXEMEGtDLdo/,"Immagine di Instagram",,Totale,1001,14,2,1,0,,
17883410319493109,17841465712152746,beam_summit,"BEAM Hospitality Gamechanger Summit","""But what makes BEAM different from other events?""
Fair question.
Every week there are 10 hospitality events in Europe. Conferences, trade shows, summits.

Most follow the same pattern:
- Stage
- Famous speaker
- Applause
- Random networking
- Go home
- Forget everything in 72h

BEAM flipped this model.

Because we don't believe in events. 
We believe in transformative experiences.

Tickets: link in bio!

#BEAM2026 #HospitalityEvents #NetworkingStrategy #EventMarketing #TransformativeExperience",0,"04/03/2026 08:30",https://www.instagram.com/p/DWrLMzKAsK-/,"Carosello di Instagram",,Totale,604,7,0,0,1,342,0
18050323544718535,17841445457251521,foodservicelab,"The Food Service Future🍽️🌱💡","The 5-Trillion-Dollar Business Case – Food as the next big thing after the internet

At this year's @beam_summit  in Bolzano, the Dussmann Group will be supporting an interactive masterclass that will explore why sustainability is becoming an increasingly powerful driver of revenue for the food sector. 

This session highlights the specific action areas that are now open to decision-makers in the hospitality industry, food service, agriculture and healthcare.

The masterclass will be hosted by Christian Hamerle, Head of Global Food Service Transformation at Dussmann Group, together with an outstanding panel of experts including Jörg Reuter, Christian Sina, Roger A. Jann and Tilo Hühn.

📅 Tuesday, 19 May 2026 | approx. 16:15–18:00
🎟️ Get your ticket and join us in Bolzano: Link in Bio [https://beam.fierabolzano.it/de/tickets/] 

We look forward to meeting you in Bolzano to discuss the future of food services.

Photo: @beam_summit  @fieramesse",0,"03/30/2026 01:01",https://www.instagram.com/p/DWgEmjCiWOT/,"Immagine di Instagram",,Totale,944,16,2,0,0,,
18100504933758009,17841465712152746,beam_summit,"BEAM Hospitality Gamechanger Summit","9,000 residents. 4.5 million visitors.
Immense traffic. Trail degradation. Human-wildlife conflicts.
Banff National Park was breaking.

Leslie Bruce did something radical: she invited their biggest regulators and harshest critics to build the future together.

Federal government, local government, and business community at the same table. 

2,000 people surveyed. 550+ ideas generated.

The result?
2M+ people on mass transit. Indigenous showcases supported. A community that went from adversaries to allies.

The secret?
Finding the one thing everyone agreed on: we all love this park.

See you at BEAM 2026? 
May 19-20 | Bolzano

Link in bio!
#BEAM2026 #RadicalCollaboration #LeadTheShift #LeslieBruce #Banff #DestinationManagement""",0,"03/26/2026 09:30",https://www.instagram.com/p/DWWrsI5CCvx/,"Carosello di Instagram",,Totale,289,6,0,0,0,158,0
18075683819536193,17841465712152746,beam_summit,"BEAM Hospitality Gamechanger Summit","This is BEAM.

You don’t see people sitting and listening.
You see people collaborating, experimenting, creating.
You don’t see random networking.
You see connections designed to last.
You don’t see an event ending Sunday night.
You see the start of collaborations that will change how you do hospitality.

48 intense hours.
12 months of impact.

BEAM 2026
May 19-20 | Bolzano

Link in bio for tickets ☀️

#beambitious #beamsummit #hospitality #transformation #innovation",18,"03/23/2026 10:35",https://www.instagram.com/reel/DWPEmcYjekY/,"Reel di Instagram",,Totale,415,6,1,0,0,322,1
18061992578405346,17841465712152746,beam_summit,"BEAM Hospitality Gamechanger Summit","Everyone talks about real transformation.
But what does it really mean in hospitality?

Boris Lebedev (Speaker, Business Consultant, transformative facilitator) is one of the speakers at BEAM 2026 – and he’ll explore what a regenerative hospitality economy is…and what it isn’t.

REAL transformation is…
 Not superficial change.
 Not small adjustments.
 Not just marketing.

It’s an energetic stance.
 A different way of relating to life.
 A different way of doing business.
 Painful, risky – AND worth it.

With over 10 years in the industry and roles in Reinventing Society and Club of Rome Germany, Boris brings a clear perspective on how hospitality can move towards a regenerative future.

At BEAM, discover what that shift could look like.

:spiral_calendar_pad: May 19–20 | Bolzano
 :admission_tickets: Link in bio

#BEAMSummit #LeadTheShift #RegenerativeEconomy",0,"03/20/2026 09:30",https://www.instagram.com/p/DWHO5oGE0mq/,"Carosello di Instagram",,Totale,377,6,3,0,0,219,0
18318622372255222,17841465712152746,beam_summit,"BEAM Hospitality Gamechanger Summit","Those who truly lead change in hospitality don't wait for the right moment.
They build it.

They don't look for generic inspiration.
They look for the right people, the right conversations, the right environment.

BEAM exists for this: many selected professionals, two days of engineered networking and workshops that leave something concrete behind.

May 19 and 20 in Bolzano.

Tomorrow, ticket prices go up.

If you've been waiting for a sign, this is it.
Link in bio.

#BEAMsummit #hospitality #tourism #networking",0,"03/16/2026 08:29",https://www.instagram.com/p/DV80w9WigYh/,"Carosello di Instagram",,Totale,589,8,0,1,2,314,1
18567362764053517,17841465712152746,beam_summit,"BEAM Hospitality Gamechanger Summit","""The future we want must be invented - otherwise we get one we don’t want.” 

Building on the spirit of Joseph Beuys, Sabine Rogg, Managing Director Avantgarde Germany & Trendbüro, takes the stage at the BEAM Summit to explore the Trends to Watch 2026.

With a meta-mood for 2026 moving at full speed in a two-way dynamic, her keynote dives into the relevant drivers reshaping consumer mindsets – and what they mean for brand relevance.

At BEAM, she will share how overarching, ongoing shifts influence expectations, values, and decision-making – and how brands can actively shape the future instead of reacting to it. Because strong brands don’t wait for what’s next. They curate and guide future directions.

Let’s Future!

🗓 May 19-20 | Bolzano
🎟 Link in bio

#BEAMSummit #LeadTheShift",0,"03/13/2026 11:31",https://www.instagram.com/p/DV1bOshCvBd/,"Carosello di Instagram",,Totale,289,10,0,0,1,167,0
17873747481557885,17841465712152746,beam_summit,"BEAM Hospitality Gamechanger Summit","Everything you need to know before joining BEAM.
Swipe through.

#BEAM #tourism #hospitalityevent #hospitality  #HospitalityIndustry",0,"03/11/2026 09:30",https://www.instagram.com/p/DVwDwvogTMs/,"Carosello di Instagram",,Totale,361,11,5,0,1,170,0
18100804162931527,17841465712152746,beam_summit,"BEAM Hospitality Gamechanger Summit","""Eco-friendly"" is the new baseline. The full report on the 5 trends reshaping hospitality is at the link in bio or comment REPORT and we'll send it to your inbox.

Get it for free💛

#hospitalityreport #ecofriendly #hospitality #trend",0,"03/09/2026 09:30",https://www.instagram.com/p/DVq6LOaCBNi/,"Carosello di Instagram",,Totale,326,6,1,1,0,203,0
18099033727898847,17841465712152746,beam_summit,"BEAM Hospitality Gamechanger Summit","We're consuming 1.7 Earths. By 2050, it'll be three planets.

Diane Verde Nieto didn't come to BEAM to depress us.
She came to show us the way forward.

Hospitality represents 10% of global GDP and touches every system: food, energy, culture, community, wellness.
When you change hospitality, the ripple effect is massive.

But sustainability isn't enough anymore. We need regeneration.

Her work in Tismoudin, Morocco, transformed an abandoned village into a thriving community in three years. 

How? By asking one question: ""What are your dreams?""

Intention matters.

BEAM 2026 | May 19-20 | Bolzano

#BEAM2026 #RegenerativeHospitality #LeadTheShift #DianeVerdeNieto #Sustainability #Impact",0,"03/06/2026 09:30",https://www.instagram.com/p/DVjSpM0DVwS/,"Carosello di Instagram",,Totale,266,9,3,0,1,139,0
18157022656436870,17841465712152746,beam_summit,"BEAM Hospitality Gamechanger Summit","""Wellness hotel. Coworking space. Community hub.

What if you didn't have to choose?

@magnus.berlin (Founder nook society) is one of the speakers at BEAM 2026.

And he created something that didn't exist before: EXPERIENCE TRAVEL, a new segment in hospitality that combines wellness, new work, and community in a single business model.

But Magnus isn't just a visionary.
He's an operator who transforms underperforming properties into sought-after destinations through asset-light models, strategic repositioning, and innovative targeting.

From boutique hotels to wellness retreats, from member-managed spaces to places where culture and social life meet – nook society proves that hospitality can be reinvented.

At BEAM, he shares how he created a market from scratch and made properties profitable that others would have sold.

🗓 May 19-20, 2026 | Bolzano
🎟 Tickets → Link in bio

#BEAMSummit #LeadTheShift #ExperienceTravel #HospitalityInnovation #nookSociety #FutureOfHospitality""",0,"03/04/2026 09:30",https://www.instagram.com/p/DVeJDF8ALIg/,"Carosello di Instagram",,Totale,1259,20,4,0,0,419,3
17882610024461342,17841465712152746,beam_summit,"BEAM Hospitality Gamechanger Summit","""Medical prescription: 7 days in Sweden""

Sweden is the first destination in the world to promote stays on medical prescription.

Nils Persson (CMO Visit Sweden) coordinated ""The Swedish Prescription"" – the campaign that transformed destination marketing from ""come see"" to ""come feel better"".

Not a slogan. Scientifically proven effects on physical and mental health.

At BEAM, discover how bold marketing generates results that best practices will never reach.

🗓 May 19-20, 2026 | Bolzano
🎟 Tickets → Link in bio

#BEAMSummit #LeadTheShift #DestinationMarketing #VisitSweden""",0,"02/20/2026 07:00",https://www.instagram.com/p/DU--VeGDHC0/,"Carosello di Instagram",,Totale,383,11,1,1,0,187,0
18132350755457584,17841465712152746,beam_summit,"BEAM Hospitality Gamechanger Summit","From professional footballer to initiator of Viva con Agua.

From one idea to two Villa Vivas in Hamburg and Cape Town, with a third opening at the beginning of 2027 at HOLZMARKT Berlin. 

@benjamin.adrion is one of the speakers at BEAM 2026.

But he's not here to tell you how to ""do good.""

He's here to show you how they built a sustainable hospitality model that scales: spaces that generate measurable social impact, self-sustaining communities, businesses that improve the world.

Villa Viva is not a hotel.
It's a social guesthouse where music, art, sports, and social engagement meet to transform ideas into concrete projects.

At BEAM, discover how hospitality can be a movement, not just a service.

🗓 May 19-20, 2026 | Bolzano
🎟 Tickets → Link in bio

#BEAMSummit #LeadTheShift #VivaConAgua #RegenerativeHospitality #SocialImpact #FutureOfHospitality",0,"02/17/2026 08:30",https://www.instagram.com/p/DU3aQEOjcke/,"Carosello di Instagram",,Totale,424,10,1,0,0,192,0
18063956741316422,17841465712152746,beam_summit,"BEAM Hospitality Gamechanger Summit","Before you can lead a team, transform a business, or collaborate radically with others, you must first listen to yourself.
10 minutes.
That's all it takes to remember.

Are you coming to BEAM 2026?
May 19-20 | Bolzano - link in bio!

#BEAM2026 #SelfCollaboration #LeadTheShift #MiriamKirchler #Mindfulness #Wellness""",0,"02/16/2026 07:00",https://www.instagram.com/p/DU0rMyAksEr/,"Carosello di Instagram",,Totale,447,8,0,3,3,202,0
18071942996386699,17841465712152746,beam_summit,"BEAM Hospitality Gamechanger Summit","At BEAM 2025, many people physically designed spaces and discovered that creating spaces that work isn’t complex. 

It’s intentional. 

BEAM 2026 | May 19-20 | Bolzano
Link in bio. 

#BEAM2026 #SpaceDesign #LeadTheShift #OraetLabora #HospitalityInnovation",0,"02/10/2026 09:41",https://www.instagram.com/p/DUlgyjtjcTi/,"Carosello di Instagram",,Totale,543,10,1,0,2,290,0
17906186379181154,17841465712152746,beam_summit,"BEAM Hospitality Gamechanger Summit","Two days where every moment is designed to make you grow.
Every element is intentional.
Every detail matters.
Every hour has impact.
This is the BEAM experience.

May 19-20, 2026 | Bolzano

Register now → link in bio

#BEAM2026 #HospitalityInnovation #Networking",36,"02/07/2026 08:32",https://www.instagram.com/reel/DUdqf8xAXdN/,"Reel di Instagram",,Totale,528,12,2,0,0,385,0
17939314620125202,17841465712152746,beam_summit,"BEAM Hospitality Gamechanger Summit","Nothing is left to chance.
From arrival to dinner.
From connections to content.
This is the anatomy of an event that works.

May 19-20, Bolzano

Get your ticket via link in bio 😎

#BEAM #BEAMSummit #hospitality #hospitalityevent #networking",0,"02/04/2026 10:16",https://www.instagram.com/p/DUWIIF0io3H/,"Carosello di Instagram",,Totale,339,7,0,0,3,176,0
18305145469284798,17841465712152746,beam_summit,"BEAM Hospitality Gamechanger Summit","Face-to-face interactions have dropped by 30% in the last decade. 
Teens don't go out anymore. They stay home.

We're living in what Philipp Kirnbauer calls the ""Anti-Social Century"" — an era where we've lost the Circle of Village. 

That space where you meet people who disagree with you. 
Where you learn tolerance. 
Where serendipity happens.
Technology amplifies the I, not the WE.

And nothing truly wonderful will ever happen to you on a screen.

The solution? 
It's not another app. It's physical. Spatial. Human.

At BEAM 2025, we explored how to design spaces that rebuild the connections we've lost. Spaces that create the conditions for the Circle of Village to exist again.

Because in 2026, people don't choose who serves them better. 
They choose who makes them feel something.

BEAM 2026 | May 19-20 | Bolzano
Link in bio for tickets.

#BEAM2026 #HospitalityDesign #SpatialDesign #LeadTheShift #Serendipity #ConnectionMatters #FutureHospitality #EventProfs""",0,"02/02/2026 08:30",https://www.instagram.com/p/DUQyVHsjCYv/,"Carosello di Instagram",,Totale,521,8,1,0,0,230,0
18100602775863046,17841465712152746,beam_summit,"BEAM Hospitality Gamechanger Summit","At BEAM you don't count business cards collected.

You count:
- Conversations that make you see your business from a new perspective
- People you keep exchanging ideas with even 6 months later
- Concrete projects born from a coffee during the break
- That feeling of ""finally someone who understands what I'm trying to do""

Here you meet the right people.
Not everyone.
The right ones for you.

BEAM 2026 | May 19-20

Ticket via link in bio.

#BEAMsummit #hospitality #networking #networkingevent",0,"01/29/2026 08:30",https://www.instagram.com/p/DUGfJgzD_41/,"Immagine di Instagram",,Totale,438,8,0,0,1,235,0
18070171382434950,17841465712152746,beam_summit,"BEAM Hospitality Gamechanger Summit","""How do you grow without losing your identity?""

That's the question every hospitality entrepreneur asks when scaling.

Sven Sallaerts solved it with 16 concepts across 4 countries – and an HR model that makes employees co-entrepreneurs.

At BEAM 2026, he shares the strategy behind Younique Concepts and Pesca's expansion (Rotterdam, Amsterdam, Nice, Hamburg).

Not theory. Concrete methods.

🗓 May 19-20 | Bolzano
🎟 Link in bio

#BEAMSummit #LeadTheShift",0,"01/26/2026 09:30",https://www.instagram.com/p/DT-3ocqgEla/,"Carosello di Instagram",,Totale,20412,15,0,1,3,35190,3
18054463385394919,17841465712152746,beam_summit,"BEAM Hospitality Gamechanger Summit","Hotel + Co-living + Coworking + Restaurant = ?
The future.

The 'just a hotel' model is dying.
Hybrid spaces are exploding.

Why?
Because travelers don't want a room.
They want an experience. A community. A lifestyle.

👉 Get the complete guide - link in bio :)

#hospitality #hospitalitymanagement #BEAMSummit",0,"01/23/2026 08:30",https://www.instagram.com/p/DT3CYu-j1jp/,"Carosello di Instagram",,Totale,554,11,1,1,8,249,0
17910325827295796,17841465712152746,beam_summit,"BEAM Hospitality Gamechanger Summit","Networking at BEAM isn't random.
It's engineered.

At BEAM, you don't hope to meet someone.
You meet them.

May 19-20, 2026 | Bolzano

#hospitality #BEAM #hospitalitytrends",31,"01/19/2026 09:02",https://www.instagram.com/reel/DTsyy8PkxYS/,"Reel di Instagram",,Totale,455,20,2,1,1,361,1
18111611554714572,17841465712152746,beam_summit,"BEAM Hospitality Gamechanger Summit","BEAM 2026's final schedule is still being finalized, but one thing is certain: it won't be like any other event.

Day 1 → Opening Keynote, No-filter Panels, Intensive BEAM Labs, Exclusive Evening Experience

Day 2 → Morning Momentum, Visionary Keynotes, Interactive Roundtable, Future Talk

But most importantly:
→ Engineered networking (zero random chats)
→ Partnerships born with purpose
→ Concrete tools ready for Monday morning
→ Exclusive community that lasts 365 days

BEAM isn't for those looking for an event to ""show face.""
It's for those ready to lead change in hospitality.

Swipe for the program preview 👆

⏰ Prices increase tonight at midnight
🎟 Book now → Link in bio

#BEAM2026 #HospitalityInnovation #FieraBolzano #FutureOfHospitality",0,"01/15/2026 08:30",https://www.instagram.com/p/DTicB4sE8Zw/,"Carosello di Instagram",,Totale,6666,20,0,1,1,33512,1
18253511941292938,17841465712152746,beam_summit,"BEAM Hospitality Gamechanger Summit","You can't describe it.
You have to feel it.
Be part of the energy 💪🔥

#beam #BEAMSummit #hospitality",21,"01/13/2026 08:01",https://www.instagram.com/reel/DTdPI4sj8J-/,"Reel di Instagram",,Totale,1579,31,0,5,0,1110,1
18072664124079879,17841465712152746,beam_summit,"BEAM Hospitality Gamechanger Summit","It's NOT:
→ Another conference
→ Random networking
→ Theoretical talks

BEAM IS:
→ 400 hospitality innovators
→ 48 hours of transformation
→ Connections that change businesses
→ A year-round movement

Not an event.
An experience.

May 19-20, 2026 | Bolzano

See you there?😍

#hospitality #beam #BEAMSummit",32,"01/07/2026 08:32",https://www.instagram.com/reel/DTN10ygk8Mj/,"Reel di Instagram",,Totale,793,19,0,2,1,615,0
18083305343137808,17841465712152746,beam_summit,"BEAM Hospitality Gamechanger Summit","Those who understand Gen Z today, dominate the market tomorrow. 
Not because they chase trends, but because they anticipate the future.

Could this be a good resolution for 2026?
Let's see!

#beam #hospitatily #genZ",0,"12/30/2025 08:30",https://www.instagram.com/p/DS5PUPtCplL/,"Carosello di Instagram",,Totale,802,16,1,2,2,216,1
18081574477934031,17841465712152746,beam_summit,"BEAM Hospitality Gamechanger Summit","As you close the year, one question for 2025:
Are you using AI to amplify the human or replace it?

Marriott, MGM and Wynn have already chosen. 
And their answer might surprise you.

Happy holidays from BEAM 🎄

#beam #hospitality #BEAMSummit",0,"12/23/2025 05:30",https://www.instagram.com/p/DSm5I0YjXGp/,"Carosello di Instagram",,Totale,1159,12,0,0,2,314,1
18308556289254904,17841465712152746,beam_summit,"BEAM Hospitality Gamechanger Summit","We asked BEAM 2025 speakers and participants to describe it in one word.
Transformation.
Connection.
Inspiration.
Energy.
Future.

But one word isn't enough. You have to experience it.

👉 May 19-20, 2026 | Bolzano

#hospitality #beam #BEAMSummit",26,"12/19/2025 08:32",https://www.instagram.com/reel/DSc6wKHlGec/,"Reel di Instagram",,Totale,33786,59,4,1,11,72640,6
17898827931203655,17841465712152746,beam_summit,"BEAM Hospitality Gamechanger Summit","Most events talk. BEAM acts.
This is how innovators will reshape hospitality.

May 19-20, 2026 | Bolzano

Tickets now available
👉 Link in bio :)

#beam #hospitality #beamsummit",0,"12/17/2025 09:31",https://www.instagram.com/p/DSX37krCqeN/,"Carosello di Instagram",,Totale,2005,13,0,0,4,3136,1
18424878763119788,17841465712152746,beam_summit,"BEAM Hospitality Gamechanger Summit","Words you hear from every BEAM participant.
Not from us. 
From the 270 innovators who chose to be part of the movement in 2025.
In 2026, we'll be 400.
Will you be among them?",40,"12/15/2025 09:43",https://www.instagram.com/reel/DSSvt_sjUPe/,"Reel di Instagram",,Totale,72462,129,26,1,42,111824,183
