Dati sulle interazioni per singolo post. La data di creazione indica quando è stato creato il tuo post. Tutte le date e gli orari sono nel fuso orario UTC.;;;;;;;;;;;;;;;;;;;
Titolo del post;Link del post;Tipo di post;Nome campagna;Pubblicato da;Data di creazione;Data di inizio della campagna;Data di fine della campagna;Pubblico;Impressioni;Visualizzazioni;Visualizzazioni offsite;Clic;Percentuale di clic (CTR);Volte consigliato;Commenti;Diffusioni post;Nuovi follower;Percentuale di interesse;Tipo di contenuto
"Creating space for meaningful questions is often the first step toward real change.

That’s why Wolfgang Toechterle, CMO & Member of the Board IDM Südtirol-Alto Adige, was not only part of this year’s BEAM Summit, but with IDM Südtirol-Alto Adige also one of our main partners.

For Wolfgang, transformation doesn’t happen on paper. It happens in collaboration — through real action, shared values, and powerful partnerships.

Together with partners like IDM, BEAM creates a space where ideas, perspectives and collaboration drive meaningful change.

#beamsummit #hospitality #idm #suedtirol_altoadige ";https://www.linkedin.com/feed/update/urn:li:activity:7468685570404220928;Organico;;Vittoria Vecchio;06/04/2026;;;Tutti i follower;256;;;7;0,02734375;9;0;1;;0,06640625;
"Ideas spark in the right atmosphere 🌿✨

At BEAM 2026, the Fiera Messe H1 Eventspace was more than just a venue. It turned into an integral part of the experience, a place where conversations flowed, connections formed and new ideas took shape.

A special thanks to Gärtnerei Unterweger for the beautiful floral and botanical design that brought nature and fresh energy into the space, creating an environment that truly inspired creativity and exchange.

#beamsummit #hospitaliy #fieramesse #fieramessebolzano #eventspace";https://www.linkedin.com/feed/update/urn:li:activity:7468323201974951937;Organico;;Vittoria Vecchio;06/04/2026;;;Tutti i follower;200;;;70;0,349999994039536;13;0;1;;0,419999986886978;
"Food sits at the intersection of health, agriculture, economy and culture. And hospitality is where these worlds meet every day.

Christian Hamerle invites us to rethink the role of food and hospitality as catalysts for healthier people, stronger ecosystems and a more sustainable economy.

This is exactly the kind of systemic thinking that BEAM brings to the conversation on the future of hospitality.

It was a pleasure having Food Service Innovation Lab and Dussmann Group as partner again this year.

#beam #hospitality #innovation
";https://www.linkedin.com/feed/update/urn:li:activity:7467205927570538496;Organico;;Vittoria Vecchio;05/29/2026;;;Tutti i follower;618;;;10;0,0161812305450439;34;0;3;;0,0760517790913582;
"Alongside the vision shared by our partner HGV Hoteliers- und Gastwirteverband, this is exactly what emerged at the BEAM Summit in Bolzano. Over the past days, collaboration has proven to be more than just a theme, it has been a concrete way of working, exchanging ideas, and rethinking the future of the industry together.

Because it is only by connecting perspectives and turning insights into action that hospitality can truly evolve toward a more human, sustainable, and forward-looking direction.

#beamsummit #hospitality #hospitalityeven #innovation";https://www.linkedin.com/feed/update/urn:li:activity:7466163963920203776;Organico;;Vittoria Vecchio;05/28/2026;;;Tutti i follower;156;;;3;0,0192307699471712;6;0;1;;0,0641025677323341;
"Two days. Nearly 400 people. 
One question running through everything: 
what does it actually take to lead the shift in hospitality?

BEAM 2026 didn't answer it. 
It became the answer.

Be Ambitious.
And see you at BEAM 2027 :)

#beam #beamsummit #leadtheshift #hospitality #innovation";https://www.linkedin.com/feed/update/urn:li:activity:7463605833789161472;Organico;;Vittoria Vecchio;05/22/2026;;;Tutti i follower;678;;;523;0,771386444568634;39;0;4;;0,834808230400085;
"Making #BEAM, we didn't organise a conference.
We led a shift.
Two days in Bolzano.
Close to 400 game changers. 35+ speakers. 40+ partners.

Labs, keynotes, and connections designed to outlast the event.

But here's what the numbers don't show:
The conversations that started over lunch and became partnerships by dinner.
The speaker who said something that changed how a room full of people sees their own industry.
The moment you realise you're not alone in believing hospitality can be more.

More human. More sustainable. More transformative.

The future doesn't happen. It's built.

Thank you to every speaker, partner, participant, and collaborator who showed up, challenged the status quo, and chose to lead.

The shift has been led :)

#beamsummit #hospitalityevent #hospitality #innovation";https://www.linkedin.com/feed/update/urn:li:activity:7462926222268801026;Organico;;Vittoria Vecchio;05/20/2026;;;Tutti i follower;740;;;81;0,109459459781647;49;2;3;;0,182432428002357;
"How BEAM starts ✨

#beamsummit #hospitality #beambitious #leadtheshift #transformation";https://www.linkedin.com/feed/update/urn:li:activity:7462539234185400321;Organico;;Vittoria Vecchio;05/19/2026;;;Tutti i follower;660;569;;38;0,0575757585465908;39;1;7;;0,128787875175476;Video
"BEAM doesn't happen alone.
Behind every session, every experience, every connection at BEAM 2026 stands a network of partners who believe the same thing we do: hospitality is worth reshaping.
From industry institutions to food innovators, from regional leaders to international media, this is the ecosystem that makes Lead the Shift more than a tagline.

A huge thank you to Euregio Plus SGR S.p.A. / AG, GRAU, EHL, Change Maker Hotels, Kvadrat, BWT Group, Vitalpin, SKV Südtiroler Köcheverband, PRIMA, Gastrofresh GmbH Kellerei Meran - Cantina Merano zukunvt, Curingshot, Alpl, Caroma, Winkler Gastro Solutions, FF Südtiroler Wochenmagazin, Hotel Domani Magazine, Travel + Leisure Co., forum future economy, Pambianconews! 
 
May 19–20 | Bolzano
https://lnkd.in/db8Hd9ba";https://www.linkedin.com/feed/update/urn:li:activity:7461071659760812032;Organico;;Vittoria Vecchio;05/14/2026;;;Tutti i follower;595;;;123;0,206722691655159;35;0;2;;0,268907576799393;
"Co-living in the mountains. Longevity before it was a trend.
A distillery, brewery, and coffee roaster
where guests follow the entire value chain on site.

Three South Tyrolean projects that didn't wait
for the industry to catch up.

At BEAM 2026, the people behind them
sit down together to talk about
what it actually takes to build something new.

Included in your BEAM ticket.

https://lnkd.in/db8Hd9ba

Maximilian Newiger Palace Merano Philipp Grem Mathilde Franz";https://www.linkedin.com/feed/update/urn:li:activity:7460720593282379776;Organico;;Vittoria Vecchio;05/14/2026;;;Tutti i follower;495;;;130;0,262626260519028;21;0;3;;0,311111122369766;
"For decades, food has been treated as a cost to manage.

The Food System Economics Commission sees a 5 trillion dollar opportunity instead.

At BEAM 2026, experts from nutrition, foodservice, healthcare, and strategy
work through what this means for your business — at four thematic tables.

Note: includes a pre-session on May 19 at 11:00 AM.
Details after registration.

Language: german + AI-assisted simultaneous translation

Included in your BEAM ticket.
May 19-20 | Bolzano

https://lnkd.in/db8Hd9ba

Christian Hamerle Jörg Reuter Tilo Hühn Roger A. Jann

#tourism #food #hospitality #beamsummit";https://www.linkedin.com/feed/update/urn:li:activity:7459629649774436352;Organico;;Vittoria Vecchio;05/06/2026;;;Tutti i follower;346;;;61;0,176300585269928;19;0;1;;0,234104052186012;
"Bank financing is one tool.
But it's rarely enough on its own.

At BEAM 2026, experts from banking,
natural capital, and hospitality show
how new capital structures are already
working in practice — with real Alpine
projects behind them.

Language: german + AI-assisted simultaneous translation

Included in your BEAM ticket.
May 19-20 | Bolzano

https://lnkd.in/db8Hd9ba

Anne Aubrunner Katarina Furlan Magnus Busch Sven Sallaerts Johannes Schneebacher

#finance #BEAMsummit #hospitality
";https://www.linkedin.com/feed/update/urn:li:activity:7458538868666097664;Organico;;Vittoria Vecchio;05/06/2026;;;Tutti i follower;325;;;77;0,236923083662987;17;0;1;;0,292307704687119;
"What will guests actually want in 2035?

Fraunhofer IAO has been researching this question for years.
At BEAM, their scenarios become a working session — with the researchers and the operators in the same room.

Language: german + AI-assisted simultaneous translation

Included in your BEAM ticket.
May 19-20 | Bolzano

https://lnkd.in/db8Hd9ba

Prof. Dr. Vanessa Borkmann Constanze Heydkamp Manuela Pattis Silvia Unterweger HGV Hoteliers- und Gastwirteverband

#BEAMsummit #hospitality #hotels";https://www.linkedin.com/feed/update/urn:li:activity:7457813952429850625;Organico;;Vittoria Vecchio;05/06/2026;;;Tutti i follower;598;;;128;0,214046820998192;27;0;2;;0,262541800737381;
"What if the kitchen was part of the lab?

Seven years of errors in new food development — translated into one actionable session.

Powered by NOI Techpark

Speakers
Mattèo Piano 
Lisa Althuber

Language: english + AI-assisted simultaneous translation

May 19-20 | Bolzano
https://lnkd.in/db8Hd9ba

#hospitality #BEAMsummit #techpark";https://www.linkedin.com/feed/update/urn:li:activity:7457089158214262785;Organico;;Vittoria Vecchio;04/30/2026;;;Tutti i follower;721;;;59;0,0818307921290398;20;0;3;;0,113730929791927;
"Some people build brands. Some people build cultures.

Tyler Brûlé founded Monocle — now a global media company with radio, books, shops and cafés from London to Tokyo. Through Winkreative, he transformed brands including Swiss International Airlines and Moncler.

At BEAM 2026, he brings his vision on identity, relevance, and what it takes to build something lasting in hospitality.

May 19-20 | Bolzano
https://lnkd.in/db8Hd9ba

#beamsummit #hospitality #tourism";https://www.linkedin.com/feed/update/urn:li:activity:7455643379956129792;Organico;;Vittoria Vecchio;04/28/2026;;;Tutti i follower;797;;;59;0,0740276053547859;22;0;2;;0,104140527546406;
"You've optimized your menu, your team, your brand.

But have you ever designed what a guest feels the moment they walk in?

I FEEL SPACE is the BEAM Lab exploring light, acoustics, and haptic design as strategic tools for guest experience — with BIG - Bjarke Ingels Group, Grau GmbH, and Vitra.

The lab will be held by: Robert Grimm, Timon and Melchior Grau, Corina Meroth, Joana D. and Philipp Kirnbauer.

💡 The workshop outcomes will be co-authored by curators Joana D. and Philipp Kirnbauer, with Professor Meng-Mei (Maggie) Chen from EHL, and used as a curriculum case study.

Language: English + AI-assisted simultaneous translation

May 19-20 | Bolzano 
https://lnkd.in/db8Hd9ba

#beamsummit #hospitality";https://www.linkedin.com/feed/update/urn:li:activity:7454914833889619968;Organico;;Vittoria Vecchio;04/28/2026;;;Tutti i follower;531;;;116;0,218455746769905;21;0;2;;0,261770248413086;
"A year ago, Andreas Tuffentsammer was sitting in the same room.

Listening. Talking. Thinking.

And from that conversation, ICC (Institute for Culinary Culture) was born.
A non-profit to change the culinary world for the better.

At BEAM 2026, he returns to tell the story.

Because some places don't leave you the same.

May 19-20 | Bolzano
https://lnkd.in/db8Hd9ba

#hospitality #hospitalityinnovation #beamsummit";https://www.linkedin.com/feed/update/urn:li:activity:7452374364945051649;Organico;;Vittoria Vecchio;04/20/2026;;;Tutti i follower;400;;;27;0,067500002682209;17;4;1;;0,122500002384186;
"Some people wait for the right moment.
Some people decide the right moment is now.

Angelica Megan Galeazzi started on a restaurant floor.
Today she's Founder of L'Angelica Corte Palazzina — and four hospitality startups.

At BEAM, she shares the four compasses that guided her.
Swipe to discover her journey.

BEAM 2026 | May 19-20 | Bolzano
Tickets → https://lnkd.in/db8Hd9ba";https://www.linkedin.com/feed/update/urn:li:activity:7450566183189147649;Organico;;Vittoria Vecchio;04/16/2026;;;Tutti i follower;436;;;73;0,167431190609932;15;0;2;;0,20642201602459;
"50+ national tourism associations in Germany. 
50 presidents. 50 agendas. 50 different voices.
Result? Zero political relevance.
Michael Otremba called it out at BEAM: ""During COVID, the transport minister met with the automotive industry every week. With tourism? Never.""
Travel is a primal human aspiration. The first books ever written were travel reports. The Odyssey itself is one long journey.
Yet as an industry, we're invisible. 
Why? Because we can't agree on anything except overnight numbers.
""I understand every minister who says: clarify your opinion first, then come back to me."" 
Seven years later, nothing happens.
It's time to stop being comfortable.

BEAM 2026 | May 19-20 | Bolzano
ticket here - https://lnkd.in/db8Hd9ba

#BEAM2026 #TourismIndustry #LeadTheShift #MichaelOtremba #HamburgTourism #Collaboration";https://www.linkedin.com/feed/update/urn:li:activity:7449494138879909888;Organico;;Vittoria Vecchio;04/13/2026;;;Tutti i follower;383;;;20;0,052219320088625;21;1;2;;0,114882506430149;
"True growth comes from meaningful connections, and that is precisely what BEAM is all about 🤝 
";https://www.linkedin.com/feed/update/urn:li:activity:7449362981273997312;Organico;;Martina Cestaro;04/13/2026;;;Tutti i follower;207;;;9;0,0434782616794109;13;0;0;;0,106280192732811;
"""But what makes BEAM different from other events?""
Fair question.
Every week there are 10 hospitality events in Europe. Conferences, trade shows, summits.

Most follow the same pattern:
- Stage
- Famous speaker
- Applause
- Random networking
- Go home
- Forget everything in 72h

BEAM flipped this model.

Because we don't believe in events. 
We believe in transformative experiences.

Tickets: https://lnkd.in/db8Hd9ba

#BEAM2026 #HospitalityEvents #NetworkingStrategy #EventMarketing #TransformativeExperience";https://www.linkedin.com/feed/update/urn:li:activity:7445855129406324737;Organico;;Vittoria Vecchio;04/03/2026;;;Tutti i follower;291;;;72;0,247422680258751;15;5;2;;0,323024064302444;
"9,000 residents. 4.5 million visitors.
Immense traffic. Trail degradation. Human-wildlife conflicts.
Banff National Park was breaking.

Leslie Bruce ICD.D, CDME did something radical: she invited their biggest regulators and harshest critics to build the future together.

Federal government, local government, and business community at the same table. 

2,000 people surveyed. 550+ ideas generated.

The result?
2M+ people on mass transit. Indigenous showcases supported. A community that went from adversaries to allies.

The secret?
Finding the one thing everyone agreed on: we all love this park.

See you at BEAM 2026? 
May 19-20 | Bolzano

Ticket here https://lnkd.in/db8Hd9ba

#BEAM2026 #RadicalCollaboration #LeadTheShift #LeslieBruce #Banff #DestinationManagement""";https://www.linkedin.com/feed/update/urn:li:activity:7442971207525777408;Organico;;Vittoria Vecchio;03/26/2026;;;Tutti i follower;246;;;4;0,0162601619958878;15;0;1;;0,0813008099794388;
"Everyone talks about real transformation.
But what does it really mean in hospitality?

Boris Igorevic Lebedev (Speaker, Business Consultant, transformative facilitator) is one of the speakers at BEAM 2026 – and he’ll explore what a regenerative hospitality economy is…and what it isn’t.

REAL transformation is…
 Not superficial change.
 Not small adjustments.
 Not just marketing.

It’s an energetic stance.
 A different way of relating to life.
 A different way of doing business.
 Painful, risky – AND worth it.

With over 10 years in the industry and roles in Reinventing Society and Club of Rome Germany, Boris brings a clear perspective on how hospitality can move towards a regenerative future.

At BEAM, discover what that shift could look like.

:spiral_calendar_pad: May 19–20 | Bolzano
 :admission_tickets: https://lnkd.in/db8Hd9ba

#BEAMSummit #LeadTheShift #RegenerativeEconomy";https://www.linkedin.com/feed/update/urn:li:activity:7440796806621315072;Organico;;Vittoria Vecchio;03/20/2026;;;Tutti i follower;493;;;56;0,113590262830257;19;4;2;;0,164300203323364;
"Those who truly lead change in hospitality don't wait for the right moment.
They build it.
They don't look for generic inspiration. They look for the right people, the right conversations, the right environment.

BEAM exists for this: many selected professionals, two days of engineered networking and workshops that leave something concrete behind.

May 19 and 20 in Bolzano.
Tomorrow, ticket prices go up.

If you've been waiting for a sign, this is it.
Ticket here - https://lnkd.in/db8Hd9ba

#beam #beamsummit #hospitality #tourism #networking";https://www.linkedin.com/feed/update/urn:li:activity:7439333696567930880;Organico;;Vittoria Vecchio;03/16/2026;;;Tutti i follower;438;;;114;0,260273963212967;22;2;2;;0,319634705781937;
"The future we want must be invented — otherwise we get one we don’t want.” Building on the spirit of Joseph Beuys, Sabine Rogg, Managing Director Avantgarde Germany & Trendbüro, takes the stage at the BEAM Summit to explore the Trends to Watch 2026.

With a meta-mood for 2026 moving at full speed in a two-way dynamic, her keynote dives into the relevant drivers reshaping consumer mindsets – and what they mean for brand relevance.

At BEAM, she will share how overarching, ongoing shifts influence expectations, values, and decision-making – and how brands can actively shape the future instead of reacting to it. Because strong brands don’t wait for what’s next. They curate and guide future directions.

Let’s Future!

🗓 May 19-20 | Bolzano
🎟 https://lnkd.in/db8Hd9ba

#BEAMSummit #LeadTheShift";https://www.linkedin.com/feed/update/urn:li:activity:7438291217982984192;Organico;;Vittoria Vecchio;03/13/2026;;;Tutti i follower;943;;;173;0,183457046747208;52;4;3;;0,246023327112198;
"Everything you need to know before joining BEAM. 
Swipe through.

Get your ticket here - https://lnkd.in/db8Hd9ba

#hospitality #tourism #hospitalityevent #BEAM";https://www.linkedin.com/feed/update/urn:li:activity:7437535324886700032;Organico;;Vittoria Vecchio;03/11/2026;;;Tutti i follower;312;;;160;0,512820541858673;19;0;2;;0,580128192901611;
"We're consuming 1.7 Earths. By 2050, it'll be three planets.

Diana Verde Nieto didn't come to BEAM to depress us.
She came to show us the way forward.

Hospitality represents 10% of global GDP and touches every system: food, energy, culture, community, wellness. When you change hospitality, the ripple effect is massive.

But sustainability isn't enough anymore.
We need regeneration.

Her work in Tismoudin, Morocco, transformed an abandoned village into a thriving community in three years. 

How? By asking one question: ""What are your dreams?""

Intention matters.

BEAM 2026 | May 19-20 | Bolzano
https://lnkd.in/db8Hd9ba

#BEAM2026 #RegenerativeHospitality #LeadTheShift #DianeVerdeNieto #Sustainability #Impact";https://www.linkedin.com/feed/update/urn:li:activity:7435738479159975936;Organico;;Vittoria Vecchio;03/06/2026;;;Tutti i follower;408;;;129;0,316176474094391;20;0;0;;0,365196079015732;
"Wellness hotel. Coworking space. Community hub.

What if you didn't have to choose?

Magnus Busch (Founder nook society) is one of the speakers at BEAM 2026.

And he created something that didn't exist before: EXPERIENCE TRAVEL, a new segment in hospitality that combines wellness, new work, and community in a single business model.

But Magnus isn't just a visionary.
He's an operator who transforms underperforming properties into sought-after destinations through asset-light models, strategic repositioning, and innovative targeting.

From boutique hotels to wellness retreats, from member-managed spaces to places where culture and social life meet – nook society proves that hospitality can be reinvented.

At BEAM, he shares how he created a market from scratch and made properties profitable that others would have sold.

🗓 May 19-20, 2026 | Bolzano
🎟 Tickets → https://lnkd.in/db8Hd9ba

#BEAMSummit #LeadTheShift #ExperienceTravel #HospitalityInnovation #nookSociety #FutureOfHospitality";https://www.linkedin.com/feed/update/urn:li:activity:7435019524346740736;Organico;;Vittoria Vecchio;03/04/2026;;;Tutti i follower;322;;;14;0,0434782616794109;15;1;2;;0,0993788838386536;
"""Medical prescription: 7 days in Sweden""

Sweden is the first destination in the world to promote stays on medical prescription.

Nils Persson (CMO Visit Sweden) coordinated ""The Swedish Prescription"" – the campaign that transformed destination marketing from ""come see"" to ""come feel better"".

Not a slogan. Scientifically proven effects on physical and mental health.

At BEAM, discover how bold marketing generates results that best practices will never reach.

🗓 May 19-20, 2026 | Bolzano
🎟 Tickets → https://lnkd.in/db8Hd9ba

#BEAMSummit #LeadTheShift #DestinationMarketing #VisitSweden";https://www.linkedin.com/feed/update/urn:li:activity:7430627308173934592;Organico;;Vittoria Vecchio;02/16/2026;;;Tutti i follower;478;;;47;0,0983263626694679;17;1;4;;0,144351467490196;
"From professional footballer to initiator of Viva con Agua.
From one idea to two Villa Vivas in Hamburg and Cape Town, with a third opening at the beginning of 2027 at HOLZMARKT Berlin.

Benjamin (Benji) Adrion (Initiator Viva con Agua) is one of the speakers at BEAM 2026.

But he's not here to tell you how to ""do good.""

He's here to show you how they built a sustainable hospitality model that scales: spaces that generate measurable social impact, self-sustaining communities, businesses that improve the world.

Villa Viva is not a hotel.
It's a social guesthouse where music, art, sports, and social engagement meet to transform ideas into concrete projects.

At BEAM, discover how hospitality can be a movement, not just a service.

🗓 May 19-20, 2026 | Bolzano
🎟 Tickets → https://lnkd.in/db8Hd9ba

#BEAMSummit #LeadTheShift #VivaConAgua #RegenerativeHospitality #SocialImpact #FutureOfHospitality";https://www.linkedin.com/feed/update/urn:li:activity:7429566568881262592;Organico;;Vittoria Vecchio;01/26/2026;;;Tutti i follower;1700;;;63;0,0370588228106499;52;4;3;;0,0717647075653076;
"In the middle of Day 2 at BEAM 2025, something unexpected happened.

300 hospitality leaders stopped talking about strategy and KPIs. 
They stood up, closed their eyes, and moved their bodies.

For 10 minutes, Miriam Kirchler led them in somatic movement.

""The greatest collaboration you'll ever have in your entire life is the collaboration with yourself. Because you'll have it until your last breath.""

Before you can lead a team, transform a business, or collaborate radically with others, you must first listen to yourself.

10 minutes. That's all it takes to remember.
BEAM 2026 | May 19-20 | Bolzano
ticket here - https://lnkd.in/db8Hd9ba

#BEAM2026 #SelfCollaboration #LeadTheShift #MiriamKirchler #Mindfulness #Wellness";https://www.linkedin.com/feed/update/urn:li:activity:7429177781562994688;Organico;;Vittoria Vecchio;02/16/2026;;;Tutti i follower;312;;;3;0,00961538497358561;12;0;1;;0,0512820519506931;
"Medieval monasteries. MIT Lab. Berghain. Salk Institute.

They all use the same architectural pattern.
A community center where exchange happens + individual periphery where concentration happens.

From I to WE. From WE to I.

This form has worked for a thousand years. 
And you can apply it to your hotel, restaurant, or event space.

At BEAM 2025, Philipp Kirnbauer and Christian Mueller showed us how to physically design and create spaces for successful interaction and collaboration. 

Creating spaces that work isn't complex. It's intentional.

BEAM 2026 | May 19-20 | Bolzano
Tickets here - https://lnkd.in/db8Hd9ba

#BEAM2026 #SpaceDesign #LeadTheShift #OraetLabora #HospitalityInnovation";https://www.linkedin.com/feed/update/urn:li:activity:7427033641987338240;Organico;;Vittoria Vecchio;01/27/2026;;;Tutti i follower;396;;;194;0,489898979663849;11;0;0;;0,517676770687103;
"Every week in Europe there are dozens of #hospitality events.

Most follow the same pattern: Chaotic registration. 
Stage keynotes. Standing lunch. Random #networking. Done.

#BEAM works differently.

We've engineered an event where every moment has a purpose.

WELCOME & FIRST CONNECTIONS 
Not just a check-in. The first moment of immersion. #Connections start before the event officially begins.

LUNCH EXPERIENCE 
Nobody eats while scrolling their phone. Tables designed to seat you next to someone who's solved the problem you're facing. The food is excellent. But the conversations are the real main course.

OPENING KEYNOTE + STRUCTURED NETWORKING 
Speakers who have failed, scaled, and are building right now. Then facilitated networking. Zero small talk. Maximum substance.

WORKSHOP SESSIONS 
Enough with colorful post-its and empty #brainstorming. Here you work on YOUR revenue model, YOUR #sustainability strategy, YOUR #digitalization process. With those who've already done it. And with those doing it better than you.

THE EVENING EXPERIENCE 
Unique South Tyrol location. Experiential dinner. Live entertainment. Zero formalities. Zero masks. Zero business cards on the table. This is where collaborations you never imagined are born.

AFTER BEAM 
The connections born here aren't the ""let's stay in touch"" kind. They're collaborations that continue. #Partnerships that develop. Calls when you really need perspective.

BEAM isn't just an event. It's where lasting relationships begin.

May 19-20, 2026 | Bolzano 

Get your ticket here https://lnkd.in/db8Hd9ba";https://www.linkedin.com/feed/update/urn:li:activity:7424875452097302528;Organico;;Vittoria Vecchio;02/04/2026;;;Tutti i follower;239;;;7;0,0292887035757303;16;2;0;;0,104602508246899;
"Face-to-face interactions have dropped by 30% in the last decade. 

Teens don't go out anymore. They stay home.

We're living in what Philipp Kirnbauer calls the ""Anti-Social Century"", an era where we've lost the Circle of Village. 

That space where you meet people who disagree with you. 

Where you learn tolerance. Where serendipity happens.

Technology amplifies the I, not the WE.

And nothing truly wonderful will ever happen to you on a screen.

The solution? 
It's not another app. It's physical. Spatial. Human.

At BEAM 2025, we explored how to design spaces that rebuild the connections we've lost. Spaces that create the conditions for the Circle of Village to exist again.

Because in 2026, people don't choose who serves them better. 
They choose who makes them feel something.

BEAM 2026 | May 19-20 | Bolzano
Tickets here - https://lnkd.in/db8Hd9ba

#BEAM2026 #HospitalityDesign #SpatialDesign #LeadTheShift #Serendipity #ConnectionMatters #FutureHospitality #EventProfs";https://www.linkedin.com/feed/update/urn:li:activity:7424134577121656832;Organico;;Vittoria Vecchio;01/30/2026;;;Tutti i follower;403;;;93;0,230769231915474;15;0;0;;0,267990082502365;
"""How do you grow without losing your identity?""

That's the question every hospitality entrepreneur asks when scaling.

Sven Sallaerts solved it with 16 concepts across 4 countries – and an HR model that makes employees co-entrepreneurs.

At BEAM 2026, he shares the strategy behind Younique Concepts and Pesca's expansion (Rotterdam, Amsterdam, Nice, Hamburg).

Not theory. Concrete methods.

🗓 May 19-20 | Bolzano
🎟 Get your ticket here https://lnkd.in/db8Hd9ba

#BEAMSummit #LeadTheShift";https://www.linkedin.com/feed/update/urn:li:activity:7421605371749818369;Organico;;Vittoria Vecchio;01/26/2026;;;Tutti i follower;4267;;;155;0,0363252870738506;151;1;3;;0,0726505741477013;
"Networking at BEAM isn't random.
It's engineered.

At BEAM, you don't hope to meet someone.
You meet them.

May 19-20, 2026 | Bolzano
https://lnkd.in/db8Hd9ba";https://www.linkedin.com/feed/update/urn:li:activity:7419061125125689344;Organico;;Vittoria Vecchio;01/19/2026;;;Tutti i follower;444;207;;22;0,0495495498180389;11;4;2;;0,0878378376364708;Video
"BEAM 2026's final schedule is still being finalized, but one thing is certain: it won't be like any other event.

Day 1 → Opening Keynote, No-filter Panels, Intensive BEAM Labs, Exclusive Evening Experience

Day 2 → Morning Momentum, Visionary Keynotes, Interactive Roundtable, Future Talk

But most importantly:
→ Engineered networking (zero random chats)
→ Partnerships born with purpose
→ Concrete tools ready for Monday morning
→ Exclusive community that lasts 365 days

BEAM isn't for those looking for an event to ""show face.""
It's for those ready to lead change in hospitality.

Swipe for the program preview 👆

⏰ Prices increase tonight at midnight
🎟 Book now → https://lnkd.in/db8Hd9ba 

#BEAM2026 #HospitalityInnovation #FieraBolzano
#FutureOfHospitality";https://www.linkedin.com/feed/update/urn:li:activity:7417611565136515073;Organico;;Vittoria Vecchio;01/15/2026;;;Tutti i follower;716;;;199;0,277932971715927;22;0;2;;0,311452507972717;
"You can't describe it.
You have to feel it.
Be part of the energy.

BEAM | 19-20 May, Bolzano
https://lnkd.in/db8Hd9ba";https://www.linkedin.com/feed/update/urn:li:activity:7416886782451113984;Organico;;Vittoria Vecchio;01/08/2026;;;Tutti i follower;399;116;;14;0,0350877195596695;16;0;1;;0,0776942372322083;Video
"It's NOT:
→ Another conference
→ Random networking
→ Theoretical talks

BEAM IS:
→ 400 hospitality innovators
→ 48 hours of transformation
→ Connections that change businesses
→ A year-round movement

Not an event.
An experience.

May 19-20, 2026 | Bolzano

See you there?😍
https://lnkd.in/db8Hd9ba

#hospitality #beam #BEAMSummit";https://www.linkedin.com/feed/update/urn:li:activity:7415074830481330176;Organico;;Vittoria Vecchio;01/08/2026;;;Tutti i follower;996;453;;55;0,0552208833396435;40;0;4;;0,0993975922465324;Video
"Hospitality is shifting fast.

But the real question isn’t what’s changing.

It’s this: will we spend the next years adapting… or leading the shift?

In a world of constant pressure (sustainability, digitalisation, new business models, new guest expectations), it’s easy to fall into “conference mode”: watch, take notes, go back to business as usual.

BEAM is built to do the opposite.

That’s why we designed it around 5 principles:

EXPERIENCE → immersive moments that change perspective.
EXCHANGE → ideas, tools and practices you can apply now.
CONNECT → engineered connections with the right people.
ACT → from vision to action, every moment moves you forward.
COMMUNITY → beyond an event: a year-round movement of game changers.

Because the future of hospitality doesn’t “happen”.

It gets built by the people who show up, share, test, and move together.

If this is the kind of hospitality you want to be part of, you already know where to be:
BEAM May 19–20, 2026 | Bolzano, Italy

Lead the Shift.

#BEAM #Hospitality #Innovation #Sustainability #Community #LeadTheShift";https://www.linkedin.com/feed/update/urn:li:activity:7407328826776502272;Organico;;Vittoria Vecchio;12/17/2025;;;Tutti i follower;411;;;20;0,0486618019640446;17;0;1;;0,0924574211239815;
"Words you hear from every BEAM participant.
Not from us.

From the 270 innovators who chose to be part of the
movement in 2025.
In 2026, we'll be 400.

Will you be among them?

#beam #hospitality #beamsummit";https://www.linkedin.com/feed/update/urn:li:activity:7406388978163105792;Organico;;Vittoria Vecchio;12/15/2025;;;Tutti i follower;608;218;;26;0,0427631586790085;24;0;1;;0,0838815793395042;Video
"The future of hospitality won't be decided in conference rooms.
But in places like BEAM.

Cause BEAM is not an event.
It's a movement.

We're not here to talk about hospitality's future.
We're here to create it. 

While others organize conferences, we create transformative experiences. 
While others sell tickets, we build communities.
While others promise networking, we engineer meaningful connections.""

BEAM brings together innovators, visionaries, and pioneers from hospitality, food service, destination management, and agriculture.

May 19-20, 2026 | Bolzano, Italy
Don't just witness the future.
Create it with us.

👉 Let's discover BEAM with https://lnkd.in/db8Hd9ba";https://www.linkedin.com/feed/update/urn:li:activity:7404512879015858177;Organico;;Vittoria Vecchio;12/09/2025;;;Tutti i follower;1164;;;72;0,0618556700646877;36;0;3;;0,0953608229756355;